experiment,dataset,state,seed,source,model,selector,val_auc,test_auc,floor,pass
hmda_race,hmda,MD,0,main0_with_baselines,erm,utility_only,0.8645251605978554,0.8647167283445361,0.84,True
hmda_race,hmda,MD,0,main0_with_baselines,blind,utility_only,0.8601418540166477,0.8615381128293632,0.84,True
hmda_race,hmda,MD,0,main0_with_baselines,reweight,utility_only,0.8521062436311054,0.8534174157416806,0.84,True
hmda_race,hmda,MD,0,main0_with_baselines,adv,utility_only,0.8621477139698248,0.8625947662775124,0.84,True
hmda_race,hmda,MD,0,main0_with_baselines,score_only,utility_guard_plus_score_control,0.8461143930070153,0.8456742583628176,0.84,True
hmda_race,hmda,MD,0,main0_with_baselines,repair_main0,utility_guard_plus_mechanism,0.8551750581155182,0.8535467902130909,0.84,True
hmda_race,hmda,MD,0,main0_with_baselines,wrong_spec,utility_guard_plus_wrong_spec,0.8454258261174975,0.8460874875809917,0.84,True
hmda_race,hmda,MD,0,repair_main05,repair_main05,utility_guard_plus_mechanism,0.8502436461099494,0.849915575489737,0.84,True
hmda_race,hmda,MD,0,no_interaction,no_interaction,utility_guard_plus_score_control,0.8560041401760474,0.8550155784940685,0.84,True
hmda_race,hmda,MD,1,main0_with_baselines,erm,utility_only,0.8656660960295708,0.8623943473765434,0.84,True
hmda_race,hmda,MD,1,main0_with_baselines,blind,utility_only,0.8637633223981604,0.85993307241111,0.84,True
hmda_race,hmda,MD,1,main0_with_baselines,reweight,utility_only,0.8582292109017002,0.8537019257255304,0.84,True
hmda_race,hmda,MD,1,main0_with_baselines,adv,utility_only,0.8644974607706826,0.8594871928683624,0.84,True
hmda_race,hmda,MD,1,main0_with_baselines,score_only,utility_guard_plus_score_control,0.8593206460606062,0.8551454594962755,0.84,True
hmda_race,hmda,MD,1,main0_with_baselines,repair_main0,utility_guard_plus_mechanism,0.8589546406633826,0.856064092596432,0.84,True
hmda_race,hmda,MD,1,main0_with_baselines,wrong_spec,utility_guard_plus_wrong_spec,0.8427436607344667,0.8349188041588594,0.84,True
hmda_race,hmda,MD,1,repair_main05,repair_main05,utility_guard_plus_mechanism,0.8552276320156826,0.8520031701392567,0.84,True
hmda_race,hmda,MD,1,no_interaction,no_interaction,utility_guard_plus_score_control,0.8533754079868504,0.8478109818525583,0.84,True
hmda_race,hmda,MD,2,main0_with_baselines,erm,utility_only,0.8647219016671256,0.8631147828759225,0.84,True
hmda_race,hmda,MD,2,main0_with_baselines,blind,utility_only,0.8617367732974096,0.858125147820441,0.84,True
hmda_race,hmda,MD,2,main0_with_baselines,reweight,utility_only,0.8557777162942141,0.8531204492825932,0.84,True
hmda_race,hmda,MD,2,main0_with_baselines,adv,utility_only,0.8638665615750509,0.8599902755381151,0.84,True
hmda_race,hmda,MD,2,main0_with_baselines,score_only,utility_guard_plus_score_control,0.8542393492780562,0.8517888681120902,0.84,True
hmda_race,hmda,MD,2,main0_with_baselines,repair_main0,utility_guard_plus_mechanism,0.8529420926292797,0.8496895651658493,0.84,True
hmda_race,hmda,MD,2,main0_with_baselines,wrong_spec,utility_guard_plus_wrong_spec,0.842680783572711,0.8412493702927635,0.84,True
hmda_race,hmda,MD,2,repair_main05,repair_main05,utility_guard_plus_mechanism,0.8522252805916065,0.848909442679732,0.84,True
hmda_race,hmda,MD,2,no_interaction,no_interaction,utility_guard_plus_score_control,0.8558008965671846,0.8531285258929133,0.84,True
hmda_race,hmda,MD,3,main0_with_baselines,erm,utility_only,0.8662767729054394,0.8664334355681325,0.84,True
hmda_race,hmda,MD,3,main0_with_baselines,blind,utility_only,0.8640569488286325,0.8626781881820929,0.84,True
hmda_race,hmda,MD,3,main0_with_baselines,reweight,utility_only,0.8530342436128617,0.8530373178199835,0.84,True
hmda_race,hmda,MD,3,main0_with_baselines,adv,utility_only,0.8660975729944358,0.8650650983853587,0.84,True
hmda_race,hmda,MD,3,main0_with_baselines,score_only,utility_guard_plus_score_control,0.856607740272804,0.8522090470257383,0.84,True
hmda_race,hmda,MD,3,main0_with_baselines,repair_main0,utility_guard_plus_mechanism,0.855902045346976,0.8502914585175558,0.84,True
hmda_race,hmda,MD,3,main0_with_baselines,wrong_spec,utility_guard_plus_wrong_spec,0.8500943644910244,0.8471439946463877,0.84,True
hmda_race,hmda,MD,3,repair_main05,repair_main05,utility_guard_plus_mechanism,0.8563008237089964,0.8508099648177184,0.84,True
hmda_race,hmda,MD,3,no_interaction,no_interaction,utility_guard_plus_score_control,0.8575318486457318,0.8532924931647967,0.84,True
hmda_race,hmda,MD,4,main0_with_baselines,erm,utility_only,0.8657736729870029,0.8647460885424663,0.84,True
hmda_race,hmda,MD,4,main0_with_baselines,blind,utility_only,0.8609303592386248,0.860644699386403,0.84,True
hmda_race,hmda,MD,4,main0_with_baselines,reweight,utility_only,0.8436266634727383,0.8431099485274092,0.84,True
hmda_race,hmda,MD,4,main0_with_baselines,adv,utility_only,0.8662322590146434,0.8637943845577627,0.84,True
hmda_race,hmda,MD,4,main0_with_baselines,score_only,utility_guard_plus_score_control,0.8515520363954495,0.8516110084198663,0.84,True
hmda_race,hmda,MD,4,main0_with_baselines,repair_main0,utility_guard_plus_mechanism,0.8510946979961173,0.8513042621987428,0.84,True
hmda_race,hmda,MD,4,main0_with_baselines,wrong_spec,utility_guard_plus_wrong_spec,0.8472641238051811,0.848181790278266,0.84,True
hmda_race,hmda,MD,4,repair_main05,repair_main05,utility_guard_plus_mechanism,0.8455623587928497,0.8464415502844391,0.84,True
hmda_race,hmda,MD,4,no_interaction,no_interaction,utility_guard_plus_score_control,0.8536036206867548,0.8527533259846094,0.84,True
hmda_race,hmda,MD,5,main0_with_baselines,erm,utility_only,0.8649536135100001,0.8625503333030732,0.84,True
hmda_race,hmda,MD,5,main0_with_baselines,blind,utility_only,0.8618220623252969,0.8601852178652856,0.84,True
hmda_race,hmda,MD,5,main0_with_baselines,reweight,utility_only,0.8525370017637663,0.8505109908237298,0.84,True
hmda_race,hmda,MD,5,main0_with_baselines,adv,utility_only,0.8630500384219945,0.86165411767598,0.84,True
hmda_race,hmda,MD,5,main0_with_baselines,score_only,utility_guard_plus_score_control,0.8538668661285571,0.8542511212860808,0.84,True
hmda_race,hmda,MD,5,main0_with_baselines,repair_main0,utility_guard_plus_mechanism,0.8528990246653309,0.8531513918083793,0.84,True
hmda_race,hmda,MD,5,main0_with_baselines,wrong_spec,utility_guard_plus_wrong_spec,0.8468984199869857,0.8435364799878395,0.84,True
hmda_race,hmda,MD,5,repair_main05,repair_main05,utility_guard_plus_mechanism,0.8518014876951295,0.8509317273859616,0.84,True
hmda_race,hmda,MD,5,no_interaction,no_interaction,utility_guard_plus_score_control,0.852232336714621,0.8521146022674875,0.84,True
hmda_race,hmda,MD,6,main0_with_baselines,erm,utility_only,0.8641407423550377,0.8579985104741623,0.84,True
hmda_race,hmda,MD,6,main0_with_baselines,blind,utility_only,0.8614416348405773,0.8553577261061116,0.84,True
hmda_race,hmda,MD,6,main0_with_baselines,reweight,utility_only,0.8577763837941312,0.8496813956140985,0.84,True
hmda_race,hmda,MD,6,main0_with_baselines,adv,utility_only,0.8640617947491802,0.8580491031419153,0.84,True
hmda_race,hmda,MD,6,main0_with_baselines,score_only,utility_guard_plus_score_control,0.8474843839074259,0.8405578209900182,0.84,True
hmda_race,hmda,MD,6,main0_with_baselines,repair_main0,utility_guard_plus_mechanism,0.8563606189809577,0.8493360391991636,0.84,True
hmda_race,hmda,MD,6,main0_with_baselines,wrong_spec,utility_guard_plus_wrong_spec,0.8407832648525854,0.8318741799806622,0.84,True
hmda_race,hmda,MD,6,repair_main05,repair_main05,utility_guard_plus_mechanism,0.854503557294017,0.8476084833870793,0.84,True
hmda_race,hmda,MD,6,no_interaction,no_interaction,utility_guard_plus_score_control,0.8461555399538672,0.8391036152195032,0.84,True
hmda_race,hmda,MD,7,main0_with_baselines,erm,utility_only,0.8643781015750556,0.8634201349755868,0.84,True
hmda_race,hmda,MD,7,main0_with_baselines,blind,utility_only,0.8610859781483603,0.8586385400183844,0.84,True
hmda_race,hmda,MD,7,main0_with_baselines,reweight,utility_only,0.8520115354226133,0.8524009873446998,0.84,True
hmda_race,hmda,MD,7,main0_with_baselines,adv,utility_only,0.8620701090103253,0.8623986412706377,0.84,True
hmda_race,hmda,MD,7,main0_with_baselines,score_only,utility_guard_plus_score_control,0.8486830820510771,0.8498340333255907,0.84,True
hmda_race,hmda,MD,7,main0_with_baselines,repair_main0,utility_guard_plus_mechanism,0.8516372758487021,0.8522272193989584,0.84,True
hmda_race,hmda,MD,7,main0_with_baselines,wrong_spec,utility_guard_plus_wrong_spec,0.8436360867845623,0.8440114316100824,0.84,True
hmda_race,hmda,MD,7,repair_main05,repair_main05,utility_guard_plus_mechanism,0.8523113999946261,0.8525737886995628,0.84,True
hmda_race,hmda,MD,7,no_interaction,no_interaction,utility_guard_plus_score_control,0.8461015531766121,0.8473339436951983,0.84,True
hmda_race,hmda,MD,8,main0_with_baselines,erm,utility_only,0.8654456128414697,0.8646095157572553,0.84,True
hmda_race,hmda,MD,8,main0_with_baselines,blind,utility_only,0.8636984044139404,0.8622186880726892,0.84,True
hmda_race,hmda,MD,8,main0_with_baselines,reweight,utility_only,0.8537384430372078,0.8532534019990818,0.84,True
hmda_race,hmda,MD,8,main0_with_baselines,adv,utility_only,0.8661836841350163,0.8637249108383812,0.84,True
hmda_race,hmda,MD,8,main0_with_baselines,score_only,utility_guard_plus_score_control,0.8602246395254796,0.8563285760255209,0.84,True
hmda_race,hmda,MD,8,main0_with_baselines,repair_main0,utility_guard_plus_mechanism,0.8577013154034439,0.854436569646114,0.84,True
hmda_race,hmda,MD,8,main0_with_baselines,wrong_spec,utility_guard_plus_wrong_spec,0.8406757581258858,0.84012572466143,0.84,True
hmda_race,hmda,MD,8,repair_main05,repair_main05,utility_guard_plus_mechanism,0.8554222124571208,0.8525021029741326,0.84,True
hmda_race,hmda,MD,8,no_interaction,no_interaction,utility_guard_plus_score_control,0.8578057071905926,0.8554703246492967,0.84,True
hmda_race,hmda,MD,9,main0_with_baselines,erm,utility_only,0.8627106339475399,0.8646004400265561,0.84,True
hmda_race,hmda,MD,9,main0_with_baselines,blind,utility_only,0.8596116987412902,0.8617637420933854,0.84,True
hmda_race,hmda,MD,9,main0_with_baselines,reweight,utility_only,0.8430863577909133,0.8461003994692394,0.84,True
hmda_race,hmda,MD,9,main0_with_baselines,adv,utility_only,0.8606097600756231,0.8634928198213958,0.84,True
hmda_race,hmda,MD,9,main0_with_baselines,score_only,utility_guard_plus_score_control,0.8513436452870105,0.8517413657469051,0.84,True
hmda_race,hmda,MD,9,main0_with_baselines,repair_main0,utility_guard_plus_mechanism,0.8498875308523608,0.8499564441603122,0.84,True
hmda_race,hmda,MD,9,main0_with_baselines,wrong_spec,utility_guard_plus_wrong_spec,0.8436517936813426,0.8493116955149509,0.84,True
hmda_race,hmda,MD,9,repair_main05,repair_main05,utility_guard_plus_mechanism,0.8461062999478903,0.8472646233291774,0.84,True
hmda_race,hmda,MD,9,no_interaction,no_interaction,utility_guard_plus_score_control,0.8512964130537417,0.8559544147377041,0.84,True
hmda_race,hmda,VA,0,main0_with_baselines,erm,utility_only,0.8703678374508345,0.8683869175485956,0.84,True
hmda_race,hmda,VA,0,main0_with_baselines,blind,utility_only,0.8687316786597721,0.8656239002011568,0.84,True
hmda_race,hmda,VA,0,main0_with_baselines,reweight,utility_only,0.8620262364717318,0.8577599381989901,0.84,True
hmda_race,hmda,VA,0,main0_with_baselines,adv,utility_only,0.8699891670347875,0.8666553658543423,0.84,True
hmda_race,hmda,VA,0,main0_with_baselines,score_only,utility_guard_plus_score_control,0.863930399376174,0.860271980434915,0.84,True
hmda_race,hmda,VA,0,main0_with_baselines,repair_main0,utility_guard_plus_mechanism,0.8589480695385016,0.8552874946798714,0.84,True
hmda_race,hmda,VA,0,main0_with_baselines,wrong_spec,utility_guard_plus_wrong_spec,0.848050198378852,0.8453718827065686,0.84,True
hmda_race,hmda,VA,0,repair_main05,repair_main05,utility_guard_plus_mechanism,0.8648452192476151,0.8615410922072119,0.84,True
hmda_race,hmda,VA,0,no_interaction,no_interaction,utility_guard_plus_score_control,0.8619646562311887,0.8573210975899619,0.84,True
hmda_race,hmda,VA,1,main0_with_baselines,erm,utility_only,0.8690673426786357,0.8681286487796356,0.84,True
hmda_race,hmda,VA,1,main0_with_baselines,blind,utility_only,0.8673458567354497,0.8666475455466482,0.84,True
hmda_race,hmda,VA,1,main0_with_baselines,reweight,utility_only,0.8629763316115404,0.8626664464012871,0.84,True
hmda_race,hmda,VA,1,main0_with_baselines,adv,utility_only,0.8680170389887796,0.8668205866725893,0.84,True
hmda_race,hmda,VA,1,main0_with_baselines,score_only,utility_guard_plus_score_control,0.864129556807961,0.8630528475097303,0.84,True
hmda_race,hmda,VA,1,main0_with_baselines,repair_main0,utility_guard_plus_mechanism,0.8559585099063323,0.8546508514135438,0.84,True
hmda_race,hmda,VA,1,main0_with_baselines,wrong_spec,utility_guard_plus_wrong_spec,0.8447195761493592,0.8423670150077482,0.84,True
hmda_race,hmda,VA,1,repair_main05,repair_main05,utility_guard_plus_mechanism,0.8585715722211256,0.8581644978491885,0.84,True
hmda_race,hmda,VA,1,no_interaction,no_interaction,utility_guard_plus_score_control,0.8657597088262813,0.8642188127167088,0.84,True
hmda_race,hmda,VA,2,main0_with_baselines,erm,utility_only,0.8702490368343778,0.8687755533967765,0.84,True
hmda_race,hmda,VA,2,main0_with_baselines,blind,utility_only,0.8684038505522594,0.8679651744925022,0.84,True
hmda_race,hmda,VA,2,main0_with_baselines,reweight,utility_only,0.8612093108230319,0.8609659158161547,0.84,True
hmda_race,hmda,VA,2,main0_with_baselines,adv,utility_only,0.8686091149835617,0.8673049126924346,0.84,True
hmda_race,hmda,VA,2,main0_with_baselines,score_only,utility_guard_plus_score_control,0.8619008960583306,0.8605117805663537,0.84,True
hmda_race,hmda,VA,2,main0_with_baselines,repair_main0,utility_guard_plus_mechanism,0.8594604629707905,0.8579950202617855,0.84,True
hmda_race,hmda,VA,2,main0_with_baselines,wrong_spec,utility_guard_plus_wrong_spec,0.8498347975766332,0.8486692937262413,0.84,True
hmda_race,hmda,VA,2,repair_main05,repair_main05,utility_guard_plus_mechanism,0.8583258366744233,0.8573262808022545,0.84,True
hmda_race,hmda,VA,2,no_interaction,no_interaction,utility_guard_plus_score_control,0.8640294621519742,0.8631669191845687,0.84,True
hmda_race,hmda,VA,3,main0_with_baselines,erm,utility_only,0.8675710344042613,0.8731075656247598,0.84,True
hmda_race,hmda,VA,3,main0_with_baselines,blind,utility_only,0.865548572017228,0.872069267613615,0.84,True
hmda_race,hmda,VA,3,main0_with_baselines,reweight,utility_only,0.8580643928589189,0.8640832201394089,0.84,True
hmda_race,hmda,VA,3,main0_with_baselines,adv,utility_only,0.8671171939083917,0.8728044457317775,0.84,True
hmda_race,hmda,VA,3,main0_with_baselines,score_only,utility_guard_plus_score_control,0.8549985014275118,0.8614005970414742,0.84,True
hmda_race,hmda,VA,3,main0_with_baselines,repair_main0,utility_guard_plus_mechanism,0.8514202917338953,0.85805992125546,0.84,True
hmda_race,hmda,VA,3,main0_with_baselines,wrong_spec,utility_guard_plus_wrong_spec,0.8496390569666563,0.8563347162733168,0.84,True
hmda_race,hmda,VA,3,repair_main05,repair_main05,utility_guard_plus_mechanism,0.8494045582079469,0.8559504909607878,0.84,True
hmda_race,hmda,VA,3,no_interaction,no_interaction,utility_guard_plus_score_control,0.852311209797834,0.8590552030894313,0.84,True
hmda_race,hmda,VA,4,main0_with_baselines,erm,utility_only,0.8719949120516444,0.8675371731400338,0.84,True
hmda_race,hmda,VA,4,main0_with_baselines,blind,utility_only,0.8703238196743952,0.865573062434902,0.84,True
hmda_race,hmda,VA,4,main0_with_baselines,reweight,utility_only,0.8642674050670685,0.8612897929046696,0.84,True
hmda_race,hmda,VA,4,main0_with_baselines,adv,utility_only,0.8708698984139696,0.866888347723084,0.84,True
hmda_race,hmda,VA,4,main0_with_baselines,score_only,utility_guard_plus_score_control,0.8616194365006629,0.8574581676070077,0.84,True
hmda_race,hmda,VA,4,main0_with_baselines,repair_main0,utility_guard_plus_mechanism,0.8614693787982872,0.8560233237428658,0.84,True
hmda_race,hmda,VA,4,main0_with_baselines,wrong_spec,utility_guard_plus_wrong_spec,0.8507649885904575,0.8457525598572092,0.84,True
hmda_race,hmda,VA,4,repair_main05,repair_main05,utility_guard_plus_mechanism,0.8581634738577688,0.8526363219558581,0.84,True
hmda_race,hmda,VA,4,no_interaction,no_interaction,utility_guard_plus_score_control,0.8589655545546444,0.8551544892238621,0.84,True
hmda_race,hmda,VA,5,main0_with_baselines,erm,utility_only,0.8723677784263767,0.8699790581309059,0.84,True
hmda_race,hmda,VA,5,main0_with_baselines,blind,utility_only,0.871025705488511,0.8696361332177358,0.84,True
hmda_race,hmda,VA,5,main0_with_baselines,reweight,utility_only,0.861210094414167,0.8613603102195997,0.84,True
hmda_race,hmda,VA,5,main0_with_baselines,adv,utility_only,0.8718008001267303,0.8709329895914075,0.84,True
hmda_race,hmda,VA,5,main0_with_baselines,score_only,utility_guard_plus_score_control,0.8670857181458769,0.865755751127061,0.84,True
hmda_race,hmda,VA,5,main0_with_baselines,repair_main0,utility_guard_plus_mechanism,0.8596408574950775,0.8584360443550527,0.84,True
hmda_race,hmda,VA,5,main0_with_baselines,wrong_spec,utility_guard_plus_wrong_spec,0.8502124429461373,0.8489781875511373,0.84,True
hmda_race,hmda,VA,5,repair_main05,repair_main05,utility_guard_plus_mechanism,0.8573682700842563,0.8561310346103318,0.84,True
hmda_race,hmda,VA,5,no_interaction,no_interaction,utility_guard_plus_score_control,0.8625274591745828,0.8620742685613548,0.84,True
hmda_race,hmda,VA,6,main0_with_baselines,erm,utility_only,0.876668071906769,0.8667713275756904,0.84,True
hmda_race,hmda,VA,6,main0_with_baselines,blind,utility_only,0.8753374111537492,0.8655270465296749,0.84,True
hmda_race,hmda,VA,6,main0_with_baselines,reweight,utility_only,0.86414994156688,0.8543341680342531,0.84,True
hmda_race,hmda,VA,6,main0_with_baselines,adv,utility_only,0.8751807931534983,0.8666438999993127,0.84,True
hmda_race,hmda,VA,6,main0_with_baselines,score_only,utility_guard_plus_score_control,0.8723315487257832,0.8622978514530464,0.84,True
hmda_race,hmda,VA,6,main0_with_baselines,repair_main0,utility_guard_plus_mechanism,0.8690371630305274,0.8581560060944633,0.84,True
hmda_race,hmda,VA,6,main0_with_baselines,wrong_spec,utility_guard_plus_wrong_spec,0.8528127422925291,0.8437709389923791,0.84,True
hmda_race,hmda,VA,6,repair_main05,repair_main05,utility_guard_plus_mechanism,0.8702160986721282,0.8597797520985783,0.84,True
hmda_race,hmda,VA,6,no_interaction,no_interaction,utility_guard_plus_score_control,0.8716587309537469,0.8623513583493893,0.84,True
hmda_race,hmda,VA,7,main0_with_baselines,erm,utility_only,0.8721416941608446,0.8674764930366662,0.84,True
hmda_race,hmda,VA,7,main0_with_baselines,blind,utility_only,0.8693941571290109,0.8671640023571583,0.84,True
hmda_race,hmda,VA,7,main0_with_baselines,reweight,utility_only,0.8481002115386272,0.8456925704216849,0.84,True
hmda_race,hmda,VA,7,main0_with_baselines,adv,utility_only,0.8677369939953412,0.8652517263377286,0.84,True
hmda_race,hmda,VA,7,main0_with_baselines,score_only,utility_guard_plus_score_control,0.8617986396930787,0.8597633093346375,0.84,True
hmda_race,hmda,VA,7,main0_with_baselines,repair_main0,utility_guard_plus_mechanism,0.8630359847645828,0.8597855875370902,0.84,True
hmda_race,hmda,VA,7,main0_with_baselines,wrong_spec,utility_guard_plus_wrong_spec,0.8483317627190554,0.8442722126428259,0.84,True
hmda_race,hmda,VA,7,repair_main05,repair_main05,utility_guard_plus_mechanism,0.860604458192561,0.8583680834081139,0.84,True
hmda_race,hmda,VA,7,no_interaction,no_interaction,utility_guard_plus_score_control,0.8599022033616899,0.8581236113379807,0.84,True
hmda_race,hmda,VA,8,main0_with_baselines,erm,utility_only,0.8711427202461015,0.8671666753314087,0.84,True
hmda_race,hmda,VA,8,main0_with_baselines,blind,utility_only,0.8701598327284406,0.8660941911841065,0.84,True
hmda_race,hmda,VA,8,main0_with_baselines,reweight,utility_only,0.8628459935267718,0.8594720563709614,0.84,True
hmda_race,hmda,VA,8,main0_with_baselines,adv,utility_only,0.8625733448136116,0.8585800043924936,0.84,True
hmda_race,hmda,VA,8,main0_with_baselines,score_only,utility_guard_plus_score_control,0.8684528477770166,0.8651010057000266,0.84,True
hmda_race,hmda,VA,8,main0_with_baselines,repair_main0,utility_guard_plus_mechanism,0.8640045512430973,0.8606525281654218,0.84,True
hmda_race,hmda,VA,8,main0_with_baselines,wrong_spec,utility_guard_plus_wrong_spec,0.84749517667766,0.8459574268035985,0.84,True
hmda_race,hmda,VA,8,repair_main05,repair_main05,utility_guard_plus_mechanism,0.8638845160150266,0.8617069204031169,0.84,True
hmda_race,hmda,VA,8,no_interaction,no_interaction,utility_guard_plus_score_control,0.8588193236926962,0.8571898527603282,0.84,True
hmda_race,hmda,VA,9,main0_with_baselines,erm,utility_only,0.8675611347325367,0.8702663106029189,0.84,True
hmda_race,hmda,VA,9,main0_with_baselines,blind,utility_only,0.8650686543373036,0.8674053798765654,0.84,True
hmda_race,hmda,VA,9,main0_with_baselines,reweight,utility_only,0.8586861974813303,0.8620616520203822,0.84,True
hmda_race,hmda,VA,9,main0_with_baselines,adv,utility_only,0.8606646466476868,0.8626482904223068,0.84,True
hmda_race,hmda,VA,9,main0_with_baselines,score_only,utility_guard_plus_score_control,0.850515968339055,0.8543298830745728,0.84,True
hmda_race,hmda,VA,9,main0_with_baselines,repair_main0,utility_guard_plus_mechanism,0.8581012193643884,0.8601250168252579,0.84,True
hmda_race,hmda,VA,9,main0_with_baselines,wrong_spec,utility_guard_plus_wrong_spec,0.8425658053001631,0.8473127951730482,0.84,True
hmda_race,hmda,VA,9,repair_main05,repair_main05,utility_guard_plus_mechanism,0.8574381440902733,0.8612439307659383,0.84,True
hmda_race,hmda,VA,9,no_interaction,no_interaction,utility_guard_plus_score_control,0.858858104620241,0.8606744142633105,0.84,True
hmda_race,hmda,PA,0,main0_with_baselines,erm,utility_only,0.8522022985175441,0.8508403353691005,0.84,True
hmda_race,hmda,PA,0,main0_with_baselines,blind,utility_only,0.8520855299817903,0.8501690588967191,0.84,True
hmda_race,hmda,PA,0,main0_with_baselines,reweight,utility_only,0.8413943750746697,0.838606455853518,0.84,True
hmda_race,hmda,PA,0,main0_with_baselines,adv,utility_only,0.8515665847233604,0.8511562826965037,0.84,True
hmda_race,hmda,PA,0,main0_with_baselines,score_only,utility_guard_plus_score_control,0.8471763239458938,0.8455376824318451,0.84,True
hmda_race,hmda,PA,0,main0_with_baselines,repair_main0,utility_guard_plus_mechanism,0.8486988948980398,0.8462772248981385,0.84,True
hmda_race,hmda,PA,0,main0_with_baselines,wrong_spec,utility_guard_plus_wrong_spec,0.841049865353219,0.8397113592790008,0.84,True
hmda_race,hmda,PA,0,repair_main05,repair_main05,utility_guard_plus_mechanism,0.8456045168406547,0.8425546584032502,0.84,True
hmda_race,hmda,PA,0,no_interaction,no_interaction,utility_guard_plus_score_control,0.8418474968085863,0.839894784327701,0.84,True
hmda_race,hmda,PA,1,main0_with_baselines,erm,utility_only,0.8543943623464094,0.848928030139387,0.84,True
hmda_race,hmda,PA,1,main0_with_baselines,blind,utility_only,0.8542131604736998,0.8486722934209348,0.84,True
hmda_race,hmda,PA,1,main0_with_baselines,reweight,utility_only,0.8439718467466228,0.8388890359270262,0.84,True
hmda_race,hmda,PA,1,main0_with_baselines,adv,utility_only,0.8519389373852244,0.8458310298969899,0.84,True
hmda_race,hmda,PA,1,main0_with_baselines,score_only,utility_guard_plus_score_control,0.8516369531711423,0.8451400535241406,0.84,True
hmda_race,hmda,PA,1,main0_with_baselines,repair_main0,utility_guard_plus_mechanism,0.8505117531004127,0.8465816269085676,0.84,True
hmda_race,hmda,PA,1,main0_with_baselines,wrong_spec,utility_guard_plus_wrong_spec,0.8427154606163609,0.8361772003836865,0.84,True
hmda_race,hmda,PA,1,repair_main05,repair_main05,utility_guard_plus_mechanism,0.8484258313291171,0.8421396482882717,0.84,True
hmda_race,hmda,PA,1,no_interaction,no_interaction,utility_guard_plus_score_control,0.8517665551593926,0.8447868261118217,0.84,True
hmda_race,hmda,PA,2,main0_with_baselines,erm,utility_only,0.8516006835077824,0.85234924367349,0.84,True
hmda_race,hmda,PA,2,main0_with_baselines,blind,utility_only,0.8501200089721962,0.8499930174674762,0.84,True
hmda_race,hmda,PA,2,main0_with_baselines,reweight,utility_only,0.8406288674711039,0.8410804063535753,0.84,True
hmda_race,hmda,PA,2,main0_with_baselines,adv,utility_only,0.8511042122606676,0.8506114663702563,0.84,True
hmda_race,hmda,PA,2,main0_with_baselines,score_only,utility_guard_plus_score_control,0.8410951207021788,0.8411962052679066,0.84,True
hmda_race,hmda,PA,2,main0_with_baselines,repair_main0,utility_guard_plus_mechanism,0.8444967147403217,0.8454994614111372,0.84,True
hmda_race,hmda,PA,2,main0_with_baselines,wrong_spec,utility_guard_plus_wrong_spec,0.842176475206138,0.8449422383069722,0.84,True
hmda_race,hmda,PA,2,repair_main05,repair_main05,utility_guard_plus_mechanism,0.841270277115347,0.841824352422579,0.84,True
hmda_race,hmda,PA,2,no_interaction,no_interaction,utility_guard_plus_score_control,0.8406134877477769,0.8405108443441733,0.84,True
hmda_race,hmda,PA,3,main0_with_baselines,erm,utility_only,0.853959886451543,0.8505910152294369,0.84,True
hmda_race,hmda,PA,3,main0_with_baselines,blind,utility_only,0.8542516866135995,0.8502575845956852,0.84,True
hmda_race,hmda,PA,3,main0_with_baselines,reweight,utility_only,0.840748232811212,0.8380869757607561,0.84,True
hmda_race,hmda,PA,3,main0_with_baselines,adv,utility_only,0.8514864622741554,0.84794419069189,0.84,True
hmda_race,hmda,PA,3,main0_with_baselines,score_only,utility_guard_plus_score_control,0.8499532380301185,0.8453254579026326,0.84,True
hmda_race,hmda,PA,3,main0_with_baselines,repair_main0,utility_guard_plus_mechanism,0.8487283033463999,0.8445928691954873,0.84,True
hmda_race,hmda,PA,3,main0_with_baselines,wrong_spec,utility_guard_plus_wrong_spec,0.8425373681023202,0.840250329272997,0.84,True
hmda_race,hmda,PA,3,repair_main05,repair_main05,utility_guard_plus_mechanism,0.8458691309981099,0.8424613752354619,0.84,True
hmda_race,hmda,PA,3,no_interaction,no_interaction,utility_guard_plus_score_control,0.8499402612274212,0.8450987289236009,0.84,True
hmda_race,hmda,PA,4,main0_with_baselines,erm,utility_only,0.8548408033421974,0.8526919038315632,0.84,True
hmda_race,hmda,PA,4,main0_with_baselines,blind,utility_only,0.8535904162631384,0.8507300289209088,0.84,True
hmda_race,hmda,PA,4,main0_with_baselines,reweight,utility_only,0.8410002981539793,0.8376974347240818,0.84,True
hmda_race,hmda,PA,4,main0_with_baselines,adv,utility_only,0.8541832240015792,0.8517999465901176,0.84,True
hmda_race,hmda,PA,4,main0_with_baselines,score_only,utility_guard_plus_score_control,0.8427653485487836,0.8412363017790063,0.84,True
hmda_race,hmda,PA,4,main0_with_baselines,repair_main0,utility_guard_plus_mechanism,0.8509490712481786,0.8496364851777181,0.84,True
hmda_race,hmda,PA,4,main0_with_baselines,wrong_spec,utility_guard_plus_wrong_spec,0.8405312243272294,0.8377724021299966,0.84,True
hmda_race,hmda,PA,4,repair_main05,repair_main05,utility_guard_plus_mechanism,0.8444902381988819,0.8426370030474299,0.84,True
hmda_race,hmda,PA,4,no_interaction,no_interaction,utility_guard_plus_score_control,0.8425246955320631,0.8407619663004646,0.84,True
hmda_race,hmda,PA,5,main0_with_baselines,erm,utility_only,0.8493332195359624,0.8528985459778378,0.84,True
hmda_race,hmda,PA,5,main0_with_baselines,blind,utility_only,0.8494626761114196,0.8536291959627778,0.84,True
hmda_race,hmda,PA,5,main0_with_baselines,reweight,utility_only,0.8404747175344627,0.8444915097588361,0.84,True
hmda_race,hmda,PA,5,main0_with_baselines,adv,utility_only,0.845787415195955,0.8508019037690508,0.84,True
hmda_race,hmda,PA,5,main0_with_baselines,score_only,utility_guard_plus_score_control,0.8475148707115154,0.8521017085273106,0.84,True
hmda_race,hmda,PA,5,main0_with_baselines,repair_main0,utility_guard_plus_mechanism,0.8474792352954463,0.8516780739410503,0.84,True
hmda_race,hmda,PA,5,main0_with_baselines,wrong_spec,utility_guard_plus_wrong_spec,0.8419538410002517,0.8476492676523859,0.84,True
hmda_race,hmda,PA,5,repair_main05,repair_main05,utility_guard_plus_mechanism,0.8459011836904589,0.8495257036207631,0.84,True
hmda_race,hmda,PA,5,no_interaction,no_interaction,utility_guard_plus_score_control,0.8458036385197434,0.8498947656714158,0.84,True
hmda_race,hmda,PA,6,main0_with_baselines,erm,utility_only,0.8539396658228785,0.8571125866732388,0.84,True
hmda_race,hmda,PA,6,main0_with_baselines,blind,utility_only,0.8525630068116694,0.8557451464988762,0.84,True
hmda_race,hmda,PA,6,main0_with_baselines,reweight,utility_only,0.8417022882117992,0.8456206506925332,0.84,True
hmda_race,hmda,PA,6,main0_with_baselines,adv,utility_only,0.8538362010107832,0.8565621380747327,0.84,True
hmda_race,hmda,PA,6,main0_with_baselines,score_only,utility_guard_plus_score_control,0.8480164149056595,0.8512218581477502,0.84,True
hmda_race,hmda,PA,6,main0_with_baselines,repair_main0,utility_guard_plus_mechanism,0.8500907325297764,0.8541506646670657,0.84,True
hmda_race,hmda,PA,6,main0_with_baselines,wrong_spec,utility_guard_plus_wrong_spec,0.8401171670699377,0.8428128321570059,0.84,True
hmda_race,hmda,PA,6,repair_main05,repair_main05,utility_guard_plus_mechanism,0.8412167909897581,0.8445820669973481,0.84,True
hmda_race,hmda,PA,6,no_interaction,no_interaction,utility_guard_plus_score_control,0.841455930063352,0.8444570954093161,0.84,True
hmda_race,hmda,PA,7,main0_with_baselines,erm,utility_only,0.8526022074194199,0.8537943870448859,0.84,True
hmda_race,hmda,PA,7,main0_with_baselines,blind,utility_only,0.8507833254147301,0.8526730624914977,0.84,True
hmda_race,hmda,PA,7,main0_with_baselines,reweight,utility_only,0.8419121848757547,0.843214928479343,0.84,True
hmda_race,hmda,PA,7,main0_with_baselines,adv,utility_only,0.8518570142924914,0.8539051535190232,0.84,True
hmda_race,hmda,PA,7,main0_with_baselines,score_only,utility_guard_plus_score_control,0.8470843323063333,0.8499651931491503,0.84,True
hmda_race,hmda,PA,7,main0_with_baselines,repair_main0,utility_guard_plus_mechanism,0.84843536153922,0.8507495420264782,0.84,True
hmda_race,hmda,PA,7,main0_with_baselines,wrong_spec,utility_guard_plus_wrong_spec,0.8416265240212126,0.8437481310358276,0.84,True
hmda_race,hmda,PA,7,repair_main05,repair_main05,utility_guard_plus_mechanism,0.8488850490560991,0.8513032021049747,0.84,True
hmda_race,hmda,PA,7,no_interaction,no_interaction,utility_guard_plus_score_control,0.8475815409303795,0.8507373684521293,0.84,True
hmda_race,hmda,PA,8,main0_with_baselines,erm,utility_only,0.8552856334529966,0.8517852019754296,0.84,True
hmda_race,hmda,PA,8,main0_with_baselines,blind,utility_only,0.8535974094840786,0.8511858989696148,0.84,True
hmda_race,hmda,PA,8,main0_with_baselines,reweight,utility_only,0.8427143860055041,0.8404229010740205,0.84,True
hmda_race,hmda,PA,8,main0_with_baselines,adv,utility_only,0.845358107127387,0.8450141804476866,0.84,True
hmda_race,hmda,PA,8,main0_with_baselines,score_only,utility_guard_plus_score_control,0.8499307898012136,0.8485482668294534,0.84,True
hmda_race,hmda,PA,8,main0_with_baselines,repair_main0,utility_guard_plus_mechanism,0.8457686394135576,0.8446812429060577,0.84,True
hmda_race,hmda,PA,8,main0_with_baselines,wrong_spec,utility_guard_plus_wrong_spec,0.8415757532990651,0.8397834899549383,0.84,True
hmda_race,hmda,PA,8,repair_main05,repair_main05,utility_guard_plus_mechanism,0.8434506811070275,0.8416361791867908,0.84,True
hmda_race,hmda,PA,8,no_interaction,no_interaction,utility_guard_plus_score_control,0.8501514150416978,0.8477076868866598,0.84,True
hmda_race,hmda,PA,9,main0_with_baselines,erm,utility_only,0.8553682021372806,0.8540282670199146,0.84,True
hmda_race,hmda,PA,9,main0_with_baselines,blind,utility_only,0.8542038262099143,0.8538052977232922,0.84,True
hmda_race,hmda,PA,9,main0_with_baselines,reweight,utility_only,0.844560407606457,0.8449202962876169,0.84,True
hmda_race,hmda,PA,9,main0_with_baselines,adv,utility_only,0.8547686507516303,0.8541314230522177,0.84,True
hmda_race,hmda,PA,9,main0_with_baselines,score_only,utility_guard_plus_score_control,0.8492248839109339,0.8498437358576828,0.84,True
hmda_race,hmda,PA,9,main0_with_baselines,repair_main0,utility_guard_plus_mechanism,0.8522599964576617,0.851394693317978,0.84,True
hmda_race,hmda,PA,9,main0_with_baselines,wrong_spec,utility_guard_plus_wrong_spec,0.8434333903914571,0.8431801852083715,0.84,True
hmda_race,hmda,PA,9,repair_main05,repair_main05,utility_guard_plus_mechanism,0.8473481564907401,0.8480774299845502,0.84,True
hmda_race,hmda,PA,9,no_interaction,no_interaction,utility_guard_plus_score_control,0.8486118338866042,0.8483280524675265,0.84,True
hmda_race,hmda,OH,0,oh_ladder,erm,utility_only,0.8599361546956934,0.8586009613185732,0.84,True
hmda_race,hmda,OH,0,oh_ladder,blind,utility_only,0.8597196770423449,0.8580645967828621,0.84,True
hmda_race,hmda,OH,0,oh_ladder,reweight,utility_only,0.8525317820299195,0.8505793543960481,0.84,True
hmda_race,hmda,OH,0,oh_ladder,adv,utility_only,0.8594146436293191,0.85891002405646,0.84,True
hmda_race,hmda,OH,0,oh_ladder,score_only,utility_guard_plus_score_control,0.8539956124113537,0.8537279670968818,0.84,True
hmda_race,hmda,OH,0,oh_ladder,proxy_effect,utility_guard_plus_mechanism,0.8530730866010313,0.8524867814206156,0.84,True
hmda_race,hmda,OH,0,oh_ladder,proxy_exhaustive,utility_guard_plus_mechanism,0.8517201029077673,0.8514024662330868,0.84,True
hmda_race,hmda,OH,0,oh_ladder,repair_main0,utility_guard_plus_mechanism,0.8554302861358536,0.8559093682172139,0.84,True
hmda_race,hmda,OH,0,oh_ladder,repair_full,utility_guard_plus_mechanism,0.8462812158588149,0.8459557098523085,0.84,True
hmda_race,hmda,OH,0,oh_ladder,wrong_spec,utility_guard_plus_wrong_spec,0.8453610267361308,0.8451645055036789,0.84,True
hmda_race,hmda,OH,0,repair_main05,repair_main05,utility_guard_plus_mechanism,0.8553100467725263,0.8541622831492025,0.84,True
hmda_race,hmda,OH,0,no_interaction,no_interaction,utility_guard_plus_score_control,0.8559489608111504,0.8558563440680746,0.84,True
adult_gender,adult,-,0,adult_gender,erm,utility_only,0.9066161547733786,0.9120213861151406,0.895,True
adult_gender,adult,-,0,adult_gender,blind,utility_only,0.9055963869483711,0.9103382985650844,0.895,True
adult_gender,adult,-,0,adult_gender,reweight,utility_only,0.8961975812403764,0.9041785167718026,0.895,True
adult_gender,adult,-,0,adult_gender,adv,utility_only,0.9062328965020775,0.9117210057010321,0.895,True
adult_gender,adult,-,0,adult_gender,score_only,utility_guard_plus_score_control,0.9008381311547815,0.9058436398487679,0.895,True
adult_gender,adult,-,0,adult_gender,repair_direct,utility_guard_plus_mechanism,0.8981006387015997,0.9035794606016156,0.895,True
adult_gender,adult,-,0,adult_gender,wrong_spec,utility_guard_plus_wrong_spec,0.9036111860578405,0.9083202457120311,0.895,True
adult_gender,adult,-,0,no_interaction,no_interaction,utility_guard_plus_score_control,0.8992301254293438,0.9031063852162614,0.895,True
acs_age,acs_employment,MD,0,acs_age,erm,utility_only,0.7634377746313836,0.7566795711673202,0.748,True
acs_age,acs_employment,MD,0,acs_age,blind,utility_only,0.7491299677765844,0.7417555079229399,0.748,True
acs_age,acs_employment,MD,0,acs_age,reweight,utility_only,0.7564611203333007,0.7462419745826618,0.748,True
acs_age,acs_employment,MD,0,acs_age,adv,utility_only,0.763022938840608,0.7539689761060471,0.748,True
acs_age,acs_employment,MD,0,acs_age,score_only,utility_guard_plus_score_control,0.7540440793542297,0.7463506308931402,0.748,True
acs_age,acs_employment,MD,0,acs_age,proxy_exhaustive,utility_guard_plus_mechanism,0.7495755622823292,0.7414524694091751,0.748,True
acs_age,acs_employment,MD,0,acs_age,repair_direct,utility_guard_plus_mechanism,0.7492184601113172,0.7408235077332719,0.748,True
acs_age,acs_employment,MD,0,acs_age,wrong_spec,utility_guard_plus_wrong_spec,0.7565365117338801,0.746171444096374,0.748,True
acs_age,acs_employment,MD,0,no_interaction,no_interaction,utility_guard_plus_score_control,0.7542152865931062,0.7458737834749771,0.748,True
acs_intersectional_age_race,acs_employment,MD,0,acs_intersectional_age_race,erm,utility_only,0.752685708107029,0.7536323090982548,0.73,True
acs_intersectional_age_race,acs_employment,MD,0,acs_intersectional_age_race,blind,utility_only,0.7249609599181562,0.7346709703522798,0.73,False
acs_intersectional_age_race,acs_employment,MD,0,acs_intersectional_age_race,reweight,utility_only,0.7401849803292051,0.7417206868668207,0.73,True
acs_intersectional_age_race,acs_employment,MD,0,acs_intersectional_age_race,adv,utility_only,0.750226026998478,0.7499997661252271,0.73,True
acs_intersectional_age_race,acs_employment,MD,0,acs_intersectional_age_race,r1_joint_marginal,utility_guard_plus_marginal_mechanism,0.7457286719510268,0.7485990316415028,0.73,True
acs_intersectional_age_race,acs_employment,MD,0,acs_intersectional_age_race,r3_intersectional,utility_guard_plus_mechanism,0.751349508022191,0.7534043104290024,0.73,True
acs_intersectional_age_race,acs_employment,MD,0,acs_intersectional_age_race,r4_r1plus,utility_guard_plus_marginal_mechanism,0.7445509194952965,0.7459613042494462,0.73,True
acs_intersectional_age_race,acs_employment,MD,0,acs_intersectional_age_race,no_effect,utility_only,0.7529806660622644,0.7531525442359516,0.73,True
acs_intersectional_age_race,acs_employment,MD,0,acs_intersectional_age_race,wrong_d3,utility_guard_plus_wrong_spec,0.747773519699906,0.7490070554172121,0.73,True
hmda_race,hmda,OH,1,oh_ladder,erm,utility_only,0.8577701895896939,0.8613553342301414,0.84,True
hmda_race,hmda,OH,1,oh_ladder,blind,utility_only,0.8576050403364881,0.8604697790274188,0.84,True
hmda_race,hmda,OH,1,oh_ladder,reweight,utility_only,0.8474258505538083,0.8508556110249588,0.84,True
hmda_race,hmda,OH,1,oh_ladder,adv,utility_only,0.8568354784508555,0.860921509005482,0.84,True
hmda_race,hmda,OH,1,oh_ladder,score_only,utility_guard_plus_score_control,0.8544206074531913,0.8575347926078452,0.84,True
hmda_race,hmda,OH,1,oh_ladder,proxy_effect,utility_guard_plus_mechanism,0.853892549943724,0.8576847324623894,0.84,True
hmda_race,hmda,OH,1,oh_ladder,proxy_exhaustive,utility_guard_plus_mechanism,0.8542788043009495,0.8571005220708715,0.84,True
hmda_race,hmda,OH,1,oh_ladder,repair_main0,utility_guard_plus_mechanism,0.8534438632729424,0.8559951523449101,0.84,True
hmda_race,hmda,OH,1,oh_ladder,repair_full,utility_guard_plus_mechanism,0.8497232136086974,0.8518935909741443,0.84,True
hmda_race,hmda,OH,1,oh_ladder,wrong_spec,utility_guard_plus_wrong_spec,0.8406650324986451,0.8443803431173205,0.84,True
hmda_race,hmda,OH,1,repair_main05,repair_main05,utility_guard_plus_mechanism,0.8530459112627681,0.8562603118401582,0.84,True
hmda_race,hmda,OH,1,no_interaction,no_interaction,utility_guard_plus_score_control,0.8538786588441669,0.8560759611531188,0.84,True
adult_gender,adult,-,1,adult_gender,erm,utility_only,0.9077506552235644,0.9121624465671662,0.895,True
adult_gender,adult,-,1,adult_gender,blind,utility_only,0.9069153457451334,0.9117143181964508,0.895,True
adult_gender,adult,-,1,adult_gender,reweight,utility_only,0.9028648410032015,0.9091331381193922,0.895,True
adult_gender,adult,-,1,adult_gender,adv,utility_only,0.9078068555541902,0.9122696433317777,0.895,True
adult_gender,adult,-,1,adult_gender,score_only,utility_guard_plus_score_control,0.9033595671501838,0.9089370368821124,0.895,True
adult_gender,adult,-,1,adult_gender,repair_direct,utility_guard_plus_mechanism,0.8968391628156225,0.9052958873289227,0.895,True
adult_gender,adult,-,1,adult_gender,wrong_spec,utility_guard_plus_wrong_spec,0.90381552439689,0.9083253924680078,0.895,True
adult_gender,adult,-,1,no_interaction,no_interaction,utility_guard_plus_score_control,0.9009995613575855,0.9071002022904572,0.895,True
acs_age,acs_employment,MD,1,acs_age,erm,utility_only,0.7605637063437815,0.757591226904584,0.748,True
acs_age,acs_employment,MD,1,acs_age,blind,utility_only,0.7490277235296032,0.7430990885136092,0.748,True
acs_age,acs_employment,MD,1,acs_age,reweight,utility_only,0.7495106272173941,0.7485443990555414,0.748,True
acs_age,acs_employment,MD,1,acs_age,adv,utility_only,0.7573260667903525,0.7540737191416536,0.748,True
acs_age,acs_employment,MD,1,acs_age,score_only,utility_guard_plus_score_control,0.7498960062493898,0.7479184810378718,0.748,True
acs_age,acs_employment,MD,1,acs_age,proxy_exhaustive,utility_guard_plus_mechanism,0.7490442014126225,0.7463643159128677,0.748,True
acs_age,acs_employment,MD,1,acs_age,repair_direct,utility_guard_plus_mechanism,0.7483797968948345,0.7462847459904722,0.748,True
acs_age,acs_employment,MD,1,acs_age,wrong_spec,utility_guard_plus_wrong_spec,0.7500243303062851,0.7498464897787092,0.748,True
acs_age,acs_employment,MD,1,no_interaction,no_interaction,utility_guard_plus_score_control,0.7502790254857923,0.747842984582887,0.748,True
acs_intersectional_age_race,acs_employment,MD,1,acs_intersectional_age_race,erm,utility_only,0.7613612356419833,0.7588256446027257,0.73,True
acs_intersectional_age_race,acs_employment,MD,1,acs_intersectional_age_race,blind,utility_only,0.7313605702451156,0.7274712524052558,0.73,True
acs_intersectional_age_race,acs_employment,MD,1,acs_intersectional_age_race,reweight,utility_only,0.7496245706110838,0.7497618277781253,0.73,True
acs_intersectional_age_race,acs_employment,MD,1,acs_intersectional_age_race,adv,utility_only,0.7580372663833185,0.7550925354773413,0.73,True
acs_intersectional_age_race,acs_employment,MD,1,acs_intersectional_age_race,r1_joint_marginal,utility_guard_plus_marginal_mechanism,0.7556859202022805,0.7529754425641563,0.73,True
acs_intersectional_age_race,acs_employment,MD,1,acs_intersectional_age_race,r3_intersectional,utility_guard_plus_mechanism,0.7613335800846718,0.7582859200955144,0.73,True
acs_intersectional_age_race,acs_employment,MD,1,acs_intersectional_age_race,r4_r1plus,utility_guard_plus_marginal_mechanism,0.7530241247951824,0.7532949447383146,0.73,True
acs_intersectional_age_race,acs_employment,MD,1,acs_intersectional_age_race,no_effect,utility_only,0.7597928744312936,0.758493483956483,0.73,True
acs_intersectional_age_race,acs_employment,MD,1,acs_intersectional_age_race,wrong_d3,utility_guard_plus_wrong_spec,0.7585937045138861,0.7554887193426716,0.73,True
hmda_race,hmda,OH,2,oh_ladder,erm,utility_only,0.8575703366433405,0.8591501298134602,0.84,True
hmda_race,hmda,OH,2,oh_ladder,blind,utility_only,0.8552419821342047,0.8575978122962342,0.84,True
hmda_race,hmda,OH,2,oh_ladder,reweight,utility_only,0.8487857765165219,0.85138006161105,0.84,True
hmda_race,hmda,OH,2,oh_ladder,adv,utility_only,0.8563131319940481,0.8581823646679272,0.84,True
hmda_race,hmda,OH,2,oh_ladder,score_only,utility_guard_plus_score_control,0.8538796790264629,0.8567247338342465,0.84,True
hmda_race,hmda,OH,2,oh_ladder,proxy_effect,utility_guard_plus_mechanism,0.8481413296564433,0.851782399441652,0.84,True
hmda_race,hmda,OH,2,oh_ladder,proxy_exhaustive,utility_guard_plus_mechanism,0.8541082862427355,0.8559082567816452,0.84,True
hmda_race,hmda,OH,2,oh_ladder,repair_main0,utility_guard_plus_mechanism,0.8547981295748164,0.8575044836922325,0.84,True
hmda_race,hmda,OH,2,oh_ladder,repair_full,utility_guard_plus_mechanism,0.8410994431779423,0.844558258303334,0.84,True
hmda_race,hmda,OH,2,oh_ladder,wrong_spec,utility_guard_plus_wrong_spec,0.8416256965065002,0.8445412650870151,0.84,True
hmda_race,hmda,OH,2,repair_main05,repair_main05,utility_guard_plus_mechanism,0.8438200965970705,0.8470680858663505,0.84,True
hmda_race,hmda,OH,2,no_interaction,no_interaction,utility_guard_plus_score_control,0.8480373891541046,0.851398005114006,0.84,True
adult_gender,adult,-,2,adult_gender,erm,utility_only,0.9087025628983141,0.9109597119809791,0.895,True
adult_gender,adult,-,2,adult_gender,blind,utility_only,0.9075342489711958,0.9103692446647152,0.895,True
adult_gender,adult,-,2,adult_gender,reweight,utility_only,0.900930710122659,0.9032180075353753,0.895,True
adult_gender,adult,-,2,adult_gender,adv,utility_only,0.9086999394388969,0.9097487491416062,0.895,True
adult_gender,adult,-,2,adult_gender,score_only,utility_guard_plus_score_control,0.8973000754856723,0.8982865957625087,0.895,True
adult_gender,adult,-,2,adult_gender,repair_direct,utility_guard_plus_mechanism,0.8983761602395022,0.899154233918158,0.895,True
adult_gender,adult,-,2,adult_gender,wrong_spec,utility_guard_plus_wrong_spec,0.9055261948341867,0.9064280752981544,0.895,True
adult_gender,adult,-,2,no_interaction,no_interaction,utility_guard_plus_score_control,0.8983970313166432,0.8991462679200536,0.895,True
acs_age,acs_employment,MD,2,acs_age,erm,utility_only,0.759738795039547,0.7588300415749984,0.748,True
acs_age,acs_employment,MD,2,acs_age,blind,utility_only,0.7474961348175635,0.7465281242259267,0.748,False
acs_age,acs_employment,MD,2,acs_age,reweight,utility_only,0.7541588549295316,0.7509241965245725,0.748,True
acs_age,acs_employment,MD,2,acs_age,adv,utility_only,0.7571957491130423,0.7550661119183798,0.748,True
acs_age,acs_employment,MD,2,acs_age,score_only,utility_guard_plus_score_control,0.7495917146763011,0.7514392841901681,0.748,True
acs_age,acs_employment,MD,2,acs_age,proxy_exhaustive,utility_guard_plus_mechanism,0.7405150050450802,0.7418773229062331,0.748,False
acs_age,acs_employment,MD,2,acs_age,repair_direct,utility_guard_plus_mechanism,0.7421386257852423,0.7440332169755759,0.748,False
acs_age,acs_employment,MD,2,acs_age,wrong_spec,utility_guard_plus_wrong_spec,0.7517189076587573,0.752692035611442,0.748,True
acs_age,acs_employment,MD,2,no_interaction,no_interaction,utility_guard_plus_score_control,0.7497072226019595,0.7522088491456794,0.748,True
acs_intersectional_age_race,acs_employment,MD,2,acs_intersectional_age_race,erm,utility_only,0.7593690998012127,0.752581392806129,0.73,True
acs_intersectional_age_race,acs_employment,MD,2,acs_intersectional_age_race,blind,utility_only,0.7363678896106597,0.7294412088519263,0.73,True
acs_intersectional_age_race,acs_employment,MD,2,acs_intersectional_age_race,reweight,utility_only,0.7500453301616081,0.7435729165996713,0.73,True
acs_intersectional_age_race,acs_employment,MD,2,acs_intersectional_age_race,adv,utility_only,0.7580830124179689,0.752714292145842,0.73,True
acs_intersectional_age_race,acs_employment,MD,2,acs_intersectional_age_race,r1_joint_marginal,utility_guard_plus_marginal_mechanism,0.754678467757363,0.7454893449576891,0.73,True
acs_intersectional_age_race,acs_employment,MD,2,acs_intersectional_age_race,r3_intersectional,utility_guard_plus_mechanism,0.7574921088090227,0.7526450067443637,0.73,True
acs_intersectional_age_race,acs_employment,MD,2,acs_intersectional_age_race,r4_r1plus,utility_guard_plus_marginal_mechanism,0.7556936138535628,0.7464836927891145,0.73,True
acs_intersectional_age_race,acs_employment,MD,2,acs_intersectional_age_race,no_effect,utility_only,0.7586281180081345,0.7557703630379632,0.73,True
acs_intersectional_age_race,acs_employment,MD,2,acs_intersectional_age_race,wrong_d3,utility_guard_plus_wrong_spec,0.7569245980587045,0.7480767600392209,0.73,True
hmda_race,hmda,OH,3,oh_ladder,erm,utility_only,0.8581084625757235,0.8613439000368822,0.84,True
hmda_race,hmda,OH,3,oh_ladder,blind,utility_only,0.8575901104661043,0.8589043530902496,0.84,True
hmda_race,hmda,OH,3,oh_ladder,reweight,utility_only,0.8498189467280639,0.8524998560115846,0.84,True
hmda_race,hmda,OH,3,oh_ladder,adv,utility_only,0.8582410469102411,0.8598076574330953,0.84,True
hmda_race,hmda,OH,3,oh_ladder,score_only,utility_guard_plus_score_control,0.851237599326091,0.8543983946269651,0.84,True
hmda_race,hmda,OH,3,oh_ladder,proxy_effect,utility_guard_plus_mechanism,0.8500323452459944,0.853491541317196,0.84,True
hmda_race,hmda,OH,3,oh_ladder,proxy_exhaustive,utility_guard_plus_mechanism,0.8497137946909087,0.8534808538216566,0.84,True
hmda_race,hmda,OH,3,oh_ladder,repair_main0,utility_guard_plus_mechanism,0.8546970287438844,0.8575057095312408,0.84,True
hmda_race,hmda,OH,3,oh_ladder,repair_full,utility_guard_plus_mechanism,0.8500054760717642,0.8527273583229645,0.84,True
hmda_race,hmda,OH,3,oh_ladder,wrong_spec,utility_guard_plus_wrong_spec,0.8421444433490333,0.8454340043337008,0.84,True
hmda_race,hmda,OH,3,repair_main05,repair_main05,utility_guard_plus_mechanism,0.848339129116889,0.8522838776940135,0.84,True
hmda_race,hmda,OH,3,no_interaction,no_interaction,utility_guard_plus_score_control,0.8500665940668642,0.853178074046876,0.84,True
adult_gender,adult,-,3,adult_gender,erm,utility_only,0.912022813136699,0.9086807481036007,0.895,True
adult_gender,adult,-,3,adult_gender,blind,utility_only,0.9100325985237268,0.9074379212718114,0.895,True
adult_gender,adult,-,3,adult_gender,reweight,utility_only,0.9038266595246386,0.900635221145942,0.895,True
adult_gender,adult,-,3,adult_gender,adv,utility_only,0.912034472956331,0.9078794932654862,0.895,True
adult_gender,adult,-,3,adult_gender,score_only,utility_guard_plus_score_control,0.9077554357496133,0.9070845981131008,0.895,True
adult_gender,adult,-,3,adult_gender,repair_direct,utility_guard_plus_mechanism,0.9046360259043881,0.9024524849521312,0.895,True
adult_gender,adult,-,3,adult_gender,wrong_spec,utility_guard_plus_wrong_spec,0.906136994485605,0.9048540202982811,0.895,True
adult_gender,adult,-,3,no_interaction,no_interaction,utility_guard_plus_score_control,0.9025525910334588,0.8994797908201017,0.895,True
acs_age,acs_employment,MD,3,acs_age,erm,utility_only,0.7515588891058815,0.7580074300045567,0.748,True
acs_age,acs_employment,MD,3,acs_age,blind,utility_only,0.7397348891709794,0.7468735908777764,0.748,False
acs_age,acs_employment,MD,3,acs_age,reweight,utility_only,0.7484539677114865,0.755449223816804,0.748,True
acs_age,acs_employment,MD,3,acs_age,adv,utility_only,0.7502817107704326,0.758168126005437,0.748,True
acs_age,acs_employment,MD,3,acs_age,score_only,utility_guard_plus_score_control,0.7400869055756274,0.7516893676275961,0.748,False
acs_age,acs_employment,MD,3,acs_age,proxy_exhaustive,utility_guard_plus_mechanism,0.7349310370081048,0.7451232585469127,0.748,False
acs_age,acs_employment,MD,3,acs_age,repair_direct,utility_guard_plus_mechanism,0.7340620626240927,0.7442326566861527,0.748,False
acs_age,acs_employment,MD,3,acs_age,wrong_spec,utility_guard_plus_wrong_spec,0.7477387869023208,0.7567116096750434,0.748,False
acs_age,acs_employment,MD,3,no_interaction,no_interaction,utility_guard_plus_score_control,0.7390114490772386,0.7502253680171843,0.748,False
acs_intersectional_age_race,acs_employment,MD,3,acs_intersectional_age_race,erm,utility_only,0.7697617151436009,0.7542923037074414,0.73,True
acs_intersectional_age_race,acs_employment,MD,3,acs_intersectional_age_race,blind,utility_only,0.7501251258015953,0.7347521541328303,0.73,True
acs_intersectional_age_race,acs_employment,MD,3,acs_intersectional_age_race,reweight,utility_only,0.759280414874947,0.7443158490502053,0.73,True
acs_intersectional_age_race,acs_employment,MD,3,acs_intersectional_age_race,adv,utility_only,0.7689736357284849,0.7550745271198263,0.73,True
acs_intersectional_age_race,acs_employment,MD,3,acs_intersectional_age_race,r1_joint_marginal,utility_guard_plus_marginal_mechanism,0.7600822700845886,0.7482189266668109,0.73,True
acs_intersectional_age_race,acs_employment,MD,3,acs_intersectional_age_race,r3_intersectional,utility_guard_plus_mechanism,0.7667536014605462,0.7532394579484388,0.73,True
acs_intersectional_age_race,acs_employment,MD,3,acs_intersectional_age_race,r4_r1plus,utility_guard_plus_marginal_mechanism,0.7606208256743381,0.7490783579886068,0.73,True
acs_intersectional_age_race,acs_employment,MD,3,acs_intersectional_age_race,no_effect,utility_only,0.7675942888155104,0.7538753049873211,0.73,True
acs_intersectional_age_race,acs_employment,MD,3,acs_intersectional_age_race,wrong_d3,utility_guard_plus_wrong_spec,0.7630218686839281,0.7496283145171334,0.73,True
hmda_race,hmda,OH,4,oh_ladder,erm,utility_only,0.8622254776643858,0.8591033234297678,0.84,True
hmda_race,hmda,OH,4,oh_ladder,blind,utility_only,0.8617536931041956,0.8585195780328765,0.84,True
hmda_race,hmda,OH,4,oh_ladder,reweight,utility_only,0.85323347391008,0.8516715160603608,0.84,True
hmda_race,hmda,OH,4,oh_ladder,adv,utility_only,0.8635451343092081,0.8602872305020928,0.84,True
hmda_race,hmda,OH,4,oh_ladder,score_only,utility_guard_plus_score_control,0.8494910494224264,0.8476978681915407,0.84,True
hmda_race,hmda,OH,4,oh_ladder,proxy_effect,utility_guard_plus_mechanism,0.8586075012020711,0.8563310513004461,0.84,True
hmda_race,hmda,OH,4,oh_ladder,proxy_exhaustive,utility_guard_plus_mechanism,0.8589507963716859,0.8568385578759989,0.84,True
hmda_race,hmda,OH,4,oh_ladder,repair_main0,utility_guard_plus_mechanism,0.8494971409932411,0.8479914581717283,0.84,True
hmda_race,hmda,OH,4,oh_ladder,repair_full,utility_guard_plus_mechanism,0.8527510588972846,0.8500170571838336,0.84,True
hmda_race,hmda,OH,4,oh_ladder,wrong_spec,utility_guard_plus_wrong_spec,0.8425351895700008,0.8418311749176682,0.84,True
hmda_race,hmda,OH,4,repair_main05,repair_main05,utility_guard_plus_mechanism,0.849661575134741,0.8484743427897576,0.84,True
hmda_race,hmda,OH,4,no_interaction,no_interaction,utility_guard_plus_score_control,0.849307747922389,0.8476261907460608,0.84,True
adult_gender,adult,-,4,adult_gender,erm,utility_only,0.9031025847254963,0.9107296159287442,0.895,True
adult_gender,adult,-,4,adult_gender,blind,utility_only,0.901451262770126,0.9094299125261288,0.895,True
adult_gender,adult,-,4,adult_gender,reweight,utility_only,0.8953788870049211,0.9037152103882384,0.895,True
adult_gender,adult,-,4,adult_gender,adv,utility_only,0.9027565212788211,0.9108059321574952,0.895,True
adult_gender,adult,-,4,adult_gender,score_only,utility_guard_plus_score_control,0.8979302887367775,0.9058769134622482,0.895,True
adult_gender,adult,-,4,adult_gender,repair_direct,utility_guard_plus_mechanism,0.8952432250035037,0.903394439641534,0.895,True
adult_gender,adult,-,4,adult_gender,wrong_spec,utility_guard_plus_wrong_spec,0.9000203114057987,0.9069708121895639,0.895,True
adult_gender,adult,-,4,no_interaction,no_interaction,utility_guard_plus_score_control,0.895210052816651,0.9020278939749912,0.895,True
acs_age,acs_employment,MD,4,acs_age,erm,utility_only,0.7540865963610325,0.7589447623172959,0.748,True
acs_age,acs_employment,MD,4,acs_age,blind,utility_only,0.7427408212088664,0.7428842932039734,0.748,False
acs_age,acs_employment,MD,4,acs_age,reweight,utility_only,0.7499711942193146,0.7529128266989518,0.748,True
acs_age,acs_employment,MD,4,acs_age,adv,utility_only,0.7497921752433031,0.7508966891772273,0.748,True
acs_age,acs_employment,MD,4,acs_age,score_only,utility_guard_plus_score_control,0.7482433356117566,0.7526655580732737,0.748,True
acs_age,acs_employment,MD,4,acs_age,proxy_exhaustive,utility_guard_plus_mechanism,0.734060069003678,0.7408767374253893,0.748,False
acs_age,acs_employment,MD,4,acs_age,repair_direct,utility_guard_plus_mechanism,0.7335335904696807,0.7406072706907887,0.748,False
acs_age,acs_employment,MD,4,acs_age,wrong_spec,utility_guard_plus_wrong_spec,0.7483373205741627,0.74963638582199,0.748,True
acs_age,acs_employment,MD,4,no_interaction,no_interaction,utility_guard_plus_score_control,0.7484230462519936,0.7530058070252942,0.748,True
acs_intersectional_age_race,acs_employment,MD,4,acs_intersectional_age_race,erm,utility_only,0.7511313826115162,0.7630576378530997,0.73,True
acs_intersectional_age_race,acs_employment,MD,4,acs_intersectional_age_race,blind,utility_only,0.7291359613737118,0.7419521351889737,0.73,False
acs_intersectional_age_race,acs_employment,MD,4,acs_intersectional_age_race,reweight,utility_only,0.738298996082476,0.7535243466562047,0.73,True
acs_intersectional_age_race,acs_employment,MD,4,acs_intersectional_age_race,adv,utility_only,0.7492136880453135,0.7617507163876638,0.73,True
acs_intersectional_age_race,acs_employment,MD,4,acs_intersectional_age_race,r1_joint_marginal,utility_guard_plus_marginal_mechanism,0.7459675910138153,0.7562757079535547,0.73,True
acs_intersectional_age_race,acs_employment,MD,4,acs_intersectional_age_race,r3_intersectional,utility_guard_plus_mechanism,0.7480305292400335,0.7616215005756242,0.73,True
acs_intersectional_age_race,acs_employment,MD,4,acs_intersectional_age_race,r4_r1plus,utility_guard_plus_marginal_mechanism,0.7423164336391386,0.7567849702715929,0.73,True
acs_intersectional_age_race,acs_employment,MD,4,acs_intersectional_age_race,no_effect,utility_only,0.7490241539062955,0.7616412337595896,0.73,True
acs_intersectional_age_race,acs_employment,MD,4,acs_intersectional_age_race,wrong_d3,utility_guard_plus_wrong_spec,0.7447273536334829,0.7576061045993228,0.73,True
hmda_race,hmda,OH,5,oh_ladder,erm,utility_only,0.8577190197387823,0.85865515656529,0.84,True
hmda_race,hmda,OH,5,oh_ladder,blind,utility_only,0.8563663006587182,0.8586908922634267,0.84,True
hmda_race,hmda,OH,5,oh_ladder,reweight,utility_only,0.8478047351053806,0.8492672392021667,0.84,True
hmda_race,hmda,OH,5,oh_ladder,adv,utility_only,0.8578689701346325,0.8589559705691369,0.84,True
hmda_race,hmda,OH,5,oh_ladder,score_only,utility_guard_plus_score_control,0.8459656350948501,0.8478424901313502,0.84,True
hmda_race,hmda,OH,5,oh_ladder,proxy_effect,utility_guard_plus_mechanism,0.8444579325009209,0.8462340091361849,0.84,True
hmda_race,hmda,OH,5,oh_ladder,proxy_exhaustive,utility_guard_plus_mechanism,0.8537517822819799,0.8537656685659523,0.84,True
hmda_race,hmda,OH,5,oh_ladder,repair_main0,utility_guard_plus_mechanism,0.8485692988631734,0.8501128915922107,0.84,True
hmda_race,hmda,OH,5,oh_ladder,repair_full,utility_guard_plus_mechanism,0.8459632601367079,0.8466148206679336,0.84,True
hmda_race,hmda,OH,5,oh_ladder,wrong_spec,utility_guard_plus_wrong_spec,0.8437122612508542,0.8441032961205597,0.84,True
hmda_race,hmda,OH,5,repair_main05,repair_main05,utility_guard_plus_mechanism,0.8485239756518503,0.849690212091922,0.84,True
hmda_race,hmda,OH,5,no_interaction,no_interaction,utility_guard_plus_score_control,0.8515659602515503,0.852823059260662,0.84,True
adult_gender,adult,-,5,adult_gender,erm,utility_only,0.9081291329688161,0.9121384830090835,0.895,True
adult_gender,adult,-,5,adult_gender,blind,utility_only,0.9070781751262935,0.910313285986675,0.895,True
adult_gender,adult,-,5,adult_gender,reweight,utility_only,0.8991345732074603,0.9022375013489746,0.895,True
adult_gender,adult,-,5,adult_gender,adv,utility_only,0.9083011736074853,0.911002787378135,0.895,True
adult_gender,adult,-,5,adult_gender,score_only,utility_guard_plus_score_control,0.9032557364563616,0.9057226746923714,0.895,True
adult_gender,adult,-,5,adult_gender,repair_direct,utility_guard_plus_mechanism,0.8967886757966164,0.8985158394857282,0.895,True
adult_gender,adult,-,5,adult_gender,wrong_spec,utility_guard_plus_wrong_spec,0.9031359901087418,0.9069149518571791,0.895,True
adult_gender,adult,-,5,no_interaction,no_interaction,utility_guard_plus_score_control,0.8986737771356067,0.8999706995510062,0.895,True
acs_age,acs_employment,MD,5,acs_age,erm,utility_only,0.7568783566058003,0.7596764302951002,0.748,True
acs_age,acs_employment,MD,5,acs_age,blind,utility_only,0.7450353155616314,0.7511618307132852,0.748,False
acs_age,acs_employment,MD,5,acs_age,reweight,utility_only,0.7505756680662695,0.7544512700705233,0.748,True
acs_age,acs_employment,MD,5,acs_age,adv,utility_only,0.7560924633011099,0.7581179399715535,0.748,True
acs_age,acs_employment,MD,5,acs_age,score_only,utility_guard_plus_score_control,0.7480829915698337,0.7509591184979909,0.748,True
acs_age,acs_employment,MD,5,acs_age,proxy_exhaustive,utility_guard_plus_mechanism,0.7484290677993686,0.7512134127107196,0.748,True
acs_age,acs_employment,MD,5,acs_age,repair_direct,utility_guard_plus_mechanism,0.7484074227777235,0.7515039790911207,0.748,True
acs_age,acs_employment,MD,5,acs_age,wrong_spec,utility_guard_plus_wrong_spec,0.7480051996875305,0.7519825199732634,0.748,True
acs_age,acs_employment,MD,5,no_interaction,no_interaction,utility_guard_plus_score_control,0.7484341942518635,0.7512166623307887,0.748,True
acs_intersectional_age_race,acs_employment,MD,5,acs_intersectional_age_race,erm,utility_only,0.7615469749394905,0.7610420465913629,0.73,True
acs_intersectional_age_race,acs_employment,MD,5,acs_intersectional_age_race,blind,utility_only,0.7499199964234919,0.7486566525386814,0.73,True
acs_intersectional_age_race,acs_employment,MD,5,acs_intersectional_age_race,reweight,utility_only,0.7522626612547723,0.7529051631948931,0.73,True
acs_intersectional_age_race,acs_employment,MD,5,acs_intersectional_age_race,adv,utility_only,0.7615156285089288,0.7607496738908636,0.73,True
acs_intersectional_age_race,acs_employment,MD,5,acs_intersectional_age_race,r1_joint_marginal,utility_guard_plus_marginal_mechanism,0.7584580779179733,0.755567564375493,0.73,True
acs_intersectional_age_race,acs_employment,MD,5,acs_intersectional_age_race,r3_intersectional,utility_guard_plus_mechanism,0.7611708177727503,0.7598517701689219,0.73,True
acs_intersectional_age_race,acs_employment,MD,5,acs_intersectional_age_race,r4_r1plus,utility_guard_plus_marginal_mechanism,0.7558064714004109,0.7538645759821133,0.73,True
acs_intersectional_age_race,acs_employment,MD,5,acs_intersectional_age_race,no_effect,utility_only,0.7623372896722089,0.7610010892717548,0.73,True
acs_intersectional_age_race,acs_employment,MD,5,acs_intersectional_age_race,wrong_d3,utility_guard_plus_wrong_spec,0.7553546253399763,0.7545690945011948,0.73,True
hmda_race,hmda,OH,6,oh_ladder,erm,utility_only,0.8621859081499984,0.8595707525121212,0.84,True
hmda_race,hmda,OH,6,oh_ladder,blind,utility_only,0.8614026038730533,0.8588571641316136,0.84,True
hmda_race,hmda,OH,6,oh_ladder,reweight,utility_only,0.8538466351797516,0.8504770924825844,0.84,True
hmda_race,hmda,OH,6,oh_ladder,adv,utility_only,0.8620929611233326,0.8599887746852791,0.84,True
hmda_race,hmda,OH,6,oh_ladder,score_only,utility_guard_plus_score_control,0.858708429269013,0.8563818962485783,0.84,True
hmda_race,hmda,OH,6,oh_ladder,proxy_effect,utility_guard_plus_mechanism,0.8603197246504147,0.8576484751829785,0.84,True
hmda_race,hmda,OH,6,oh_ladder,proxy_exhaustive,utility_guard_plus_mechanism,0.8595385252511968,0.8579232630193391,0.84,True
hmda_race,hmda,OH,6,oh_ladder,repair_main0,utility_guard_plus_mechanism,0.8587944832311629,0.8569131113993531,0.84,True
hmda_race,hmda,OH,6,oh_ladder,repair_full,utility_guard_plus_mechanism,0.8525558257475017,0.8501227899500441,0.84,True
hmda_race,hmda,OH,6,oh_ladder,wrong_spec,utility_guard_plus_wrong_spec,0.8427061428185191,0.8409199453687901,0.84,True
hmda_race,hmda,OH,6,repair_main05,repair_main05,utility_guard_plus_mechanism,0.8553624598681006,0.8531628448577906,0.84,True
hmda_race,hmda,OH,6,no_interaction,no_interaction,utility_guard_plus_score_control,0.8516771710562311,0.849566570881874,0.84,True
adult_gender,adult,-,6,adult_gender,erm,utility_only,0.9127365689954668,0.9099059710630364,0.895,True
adult_gender,adult,-,6,adult_gender,blind,utility_only,0.9131525913599337,0.9087000894158701,0.895,True
adult_gender,adult,-,6,adult_gender,reweight,utility_only,0.901581736151807,0.8996588454770766,0.895,True
adult_gender,adult,-,6,adult_gender,adv,utility_only,0.9135918167654682,0.9099569796764113,0.895,True
adult_gender,adult,-,6,adult_gender,score_only,utility_guard_plus_score_control,0.9067107742096917,0.9031160230905111,0.895,True
adult_gender,adult,-,6,adult_gender,repair_direct,utility_guard_plus_mechanism,0.9050238315053457,0.9030665224438553,0.895,True
adult_gender,adult,-,6,adult_gender,wrong_spec,utility_guard_plus_wrong_spec,0.9069426880221705,0.9055700750167548,0.895,True
adult_gender,adult,-,6,no_interaction,no_interaction,utility_guard_plus_score_control,0.9040465637228965,0.9031010745508586,0.895,True
acs_age,acs_employment,MD,6,acs_age,erm,utility_only,0.7547629219151775,0.7545975029736312,0.748,True
acs_age,acs_employment,MD,6,acs_age,blind,utility_only,0.7434202795950916,0.7431588860998096,0.748,False
acs_age,acs_employment,MD,6,acs_age,reweight,utility_only,0.748726035868893,0.7476673677912671,0.748,True
acs_age,acs_employment,MD,6,acs_age,adv,utility_only,0.7536169156657878,0.7542040472141419,0.748,True
acs_age,acs_employment,MD,6,acs_age,score_only,utility_guard_plus_score_control,0.7480285942128049,0.7465960229776516,0.748,True
acs_age,acs_employment,MD,6,acs_age,proxy_exhaustive,utility_guard_plus_mechanism,0.7407509846043681,0.7417907960507322,0.748,False
acs_age,acs_employment,MD,6,acs_age,repair_direct,utility_guard_plus_mechanism,0.7398286300165999,0.7415934388431573,0.748,False
acs_age,acs_employment,MD,6,acs_age,wrong_spec,utility_guard_plus_wrong_spec,0.7486883605116689,0.7501983870167517,0.748,True
acs_age,acs_employment,MD,6,no_interaction,no_interaction,utility_guard_plus_score_control,0.7485038082218534,0.7467646828361658,0.748,True
acs_intersectional_age_race,acs_employment,MD,6,acs_intersectional_age_race,erm,utility_only,0.7609589304577099,0.7588959532063354,0.73,True
acs_intersectional_age_race,acs_employment,MD,6,acs_intersectional_age_race,blind,utility_only,0.7449049834066657,0.7436539834428355,0.73,True
acs_intersectional_age_race,acs_employment,MD,6,acs_intersectional_age_race,reweight,utility_only,0.750523116303055,0.7455786851209455,0.73,True
acs_intersectional_age_race,acs_employment,MD,6,acs_intersectional_age_race,adv,utility_only,0.7579023675652297,0.75645099709586,0.73,True
acs_intersectional_age_race,acs_employment,MD,6,acs_intersectional_age_race,r1_joint_marginal,utility_guard_plus_marginal_mechanism,0.7552042872351928,0.7564115014935828,0.73,True
acs_intersectional_age_race,acs_employment,MD,6,acs_intersectional_age_race,r3_intersectional,utility_guard_plus_mechanism,0.7604314994718412,0.7594808155447206,0.73,True
acs_intersectional_age_race,acs_employment,MD,6,acs_intersectional_age_race,r4_r1plus,utility_guard_plus_marginal_mechanism,0.7524268791223415,0.7549648398513258,0.73,True
acs_intersectional_age_race,acs_employment,MD,6,acs_intersectional_age_race,no_effect,utility_only,0.7610357630022706,0.7589506506688526,0.73,True
acs_intersectional_age_race,acs_employment,MD,6,acs_intersectional_age_race,wrong_d3,utility_guard_plus_wrong_spec,0.7568410595613371,0.7559807626305532,0.73,True
hmda_race,hmda,OH,7,oh_ladder,erm,utility_only,0.863509172063196,0.8576600250098221,0.84,True
hmda_race,hmda,OH,7,oh_ladder,blind,utility_only,0.8633136163477353,0.8563075413935634,0.84,True
hmda_race,hmda,OH,7,oh_ladder,reweight,utility_only,0.8511239610780051,0.8447632631167665,0.84,True
hmda_race,hmda,OH,7,oh_ladder,adv,utility_only,0.8632823755884902,0.8563322820600325,0.84,True
hmda_race,hmda,OH,7,oh_ladder,score_only,utility_guard_plus_score_control,0.8560131568482255,0.8484078725460062,0.84,True
hmda_race,hmda,OH,7,oh_ladder,proxy_effect,utility_guard_plus_mechanism,0.8555463999388353,0.8477676118498443,0.84,True
hmda_race,hmda,OH,7,oh_ladder,proxy_exhaustive,utility_guard_plus_mechanism,0.8589228917069582,0.8536071263108205,0.84,True
hmda_race,hmda,OH,7,oh_ladder,repair_main0,utility_guard_plus_mechanism,0.8576683003863765,0.8517943072405494,0.84,True
hmda_race,hmda,OH,7,oh_ladder,repair_full,utility_guard_plus_mechanism,0.8524074138259177,0.8467032699037197,0.84,True
hmda_race,hmda,OH,7,oh_ladder,wrong_spec,utility_guard_plus_wrong_spec,0.8402989434167688,0.8349395289250153,0.84,True
hmda_race,hmda,OH,7,repair_main05,repair_main05,utility_guard_plus_mechanism,0.8565480297877572,0.8508327721619083,0.84,True
hmda_race,hmda,OH,7,no_interaction,no_interaction,utility_guard_plus_score_control,0.8547576765585052,0.847630514704028,0.84,True
adult_gender,adult,-,7,adult_gender,erm,utility_only,0.9125373609770555,0.9103072541197978,0.895,True
adult_gender,adult,-,7,adult_gender,blind,utility_only,0.9109919684830411,0.9093190114084895,0.895,True
adult_gender,adult,-,7,adult_gender,reweight,utility_only,0.9033062817744658,0.9008250938250337,0.895,True
adult_gender,adult,-,7,adult_gender,adv,utility_only,0.9122258105964908,0.909999038835126,0.895,True
adult_gender,adult,-,7,adult_gender,score_only,utility_guard_plus_score_control,0.9078208473377484,0.9054002648514069,0.895,True
adult_gender,adult,-,7,adult_gender,repair_direct,utility_guard_plus_mechanism,0.9038230449805527,0.9010343078163947,0.895,True
adult_gender,adult,-,7,adult_gender,wrong_spec,utility_guard_plus_wrong_spec,0.907664022763699,0.9041321959680116,0.895,True
adult_gender,adult,-,7,no_interaction,no_interaction,utility_guard_plus_score_control,0.9063609213216358,0.9038806933447396,0.895,True
acs_age,acs_employment,MD,7,acs_age,erm,utility_only,0.7553545389447646,0.7527761366942156,0.748,True
acs_age,acs_employment,MD,7,acs_age,blind,utility_only,0.7468952006639977,0.7390618017321665,0.748,False
acs_age,acs_employment,MD,7,acs_age,reweight,utility_only,0.7508752807343033,0.7466319747602468,0.748,True
acs_age,acs_employment,MD,7,acs_age,adv,utility_only,0.7552754044201412,0.7514627409547512,0.748,True
acs_age,acs_employment,MD,7,acs_age,score_only,utility_guard_plus_score_control,0.7480103261400254,0.7402002214501654,0.748,True
acs_age,acs_employment,MD,7,acs_age,proxy_exhaustive,utility_guard_plus_mechanism,0.7483979022230902,0.7393895098968781,0.748,True
acs_age,acs_employment,MD,7,acs_age,repair_direct,utility_guard_plus_mechanism,0.7485221576668946,0.7399869365273223,0.748,True
acs_age,acs_employment,MD,7,acs_age,wrong_spec,utility_guard_plus_wrong_spec,0.7490468460111317,0.7398159653193224,0.748,True
acs_age,acs_employment,MD,7,no_interaction,no_interaction,utility_guard_plus_score_control,0.7482114783712528,0.7409832654635689,0.748,True
acs_intersectional_age_race,acs_employment,MD,7,acs_intersectional_age_race,erm,utility_only,0.7645518656064677,0.7589579884898531,0.73,True
acs_intersectional_age_race,acs_employment,MD,7,acs_intersectional_age_race,blind,utility_only,0.7377872123198229,0.7294134362226419,0.73,True
acs_intersectional_age_race,acs_employment,MD,7,acs_intersectional_age_race,reweight,utility_only,0.7529997442380789,0.7477971919825388,0.73,True
acs_intersectional_age_race,acs_employment,MD,7,acs_intersectional_age_race,adv,utility_only,0.7627178654900233,0.7563419822173316,0.73,True
acs_intersectional_age_race,acs_employment,MD,7,acs_intersectional_age_race,r1_joint_marginal,utility_guard_plus_marginal_mechanism,0.7585324152242803,0.7522447885392007,0.73,True
acs_intersectional_age_race,acs_employment,MD,7,acs_intersectional_age_race,r3_intersectional,utility_guard_plus_mechanism,0.7609766050620067,0.757162707264209,0.73,True
acs_intersectional_age_race,acs_employment,MD,7,acs_intersectional_age_race,r4_r1plus,utility_guard_plus_marginal_mechanism,0.7588554446098694,0.7538131235320703,0.73,True
acs_intersectional_age_race,acs_employment,MD,7,acs_intersectional_age_race,no_effect,utility_only,0.7627587250164269,0.7578973663946509,0.73,True
acs_intersectional_age_race,acs_employment,MD,7,acs_intersectional_age_race,wrong_d3,utility_guard_plus_wrong_spec,0.7598357613387785,0.753446817168981,0.73,True
hmda_race,hmda,OH,8,oh_ladder,erm,utility_only,0.8595954269301843,0.8606739012121623,0.84,True
hmda_race,hmda,OH,8,oh_ladder,blind,utility_only,0.8588947574192057,0.8590767418520333,0.84,True
hmda_race,hmda,OH,8,oh_ladder,reweight,utility_only,0.8490896825898404,0.8492327933105529,0.84,True
hmda_race,hmda,OH,8,oh_ladder,adv,utility_only,0.8592005551488714,0.8599175419370411,0.84,True
hmda_race,hmda,OH,8,oh_ladder,score_only,utility_guard_plus_score_control,0.8569240079679015,0.8571671676102163,0.84,True
hmda_race,hmda,OH,8,oh_ladder,proxy_effect,utility_guard_plus_mechanism,0.8540291996992235,0.8539514806646745,0.84,True
hmda_race,hmda,OH,8,oh_ladder,proxy_exhaustive,utility_guard_plus_mechanism,0.8546352852994026,0.8554356038906126,0.84,True
hmda_race,hmda,OH,8,oh_ladder,repair_main0,utility_guard_plus_mechanism,0.8580426985414216,0.8569369897345177,0.84,True
hmda_race,hmda,OH,8,oh_ladder,repair_full,utility_guard_plus_mechanism,0.849649047558574,0.847686318364697,0.84,True
hmda_race,hmda,OH,8,oh_ladder,wrong_spec,utility_guard_plus_wrong_spec,0.8405050858471155,0.8395239706083046,0.84,True
hmda_race,hmda,OH,8,repair_main05,repair_main05,utility_guard_plus_mechanism,0.8549244266122265,0.854477132486884,0.84,True
hmda_race,hmda,OH,8,no_interaction,no_interaction,utility_guard_plus_score_control,0.8532913334451138,0.8533901036005569,0.84,True
adult_gender,adult,-,8,adult_gender,erm,utility_only,0.902652049294919,0.909966322513694,0.895,True
adult_gender,adult,-,8,adult_gender,blind,utility_only,0.9017703337343534,0.9080970338556886,0.895,True
adult_gender,adult,-,8,adult_gender,reweight,utility_only,0.8978417907057712,0.9038335529938187,0.895,True
adult_gender,adult,-,8,adult_gender,adv,utility_only,0.9026420218500356,0.9099706169406554,0.895,True
adult_gender,adult,-,8,adult_gender,score_only,utility_guard_plus_score_control,0.8987742264817357,0.9066357157590259,0.895,True
adult_gender,adult,-,8,adult_gender,repair_direct,utility_guard_plus_mechanism,0.895770073953572,0.902898384154653,0.895,True
adult_gender,adult,-,8,adult_gender,wrong_spec,utility_guard_plus_wrong_spec,0.8965822969891315,0.9064520060743523,0.895,True
adult_gender,adult,-,8,no_interaction,no_interaction,utility_guard_plus_score_control,0.8963763845744317,0.9046243504105539,0.895,True
acs_age,acs_employment,MD,8,acs_age,erm,utility_only,0.7658024118738405,0.750561589271091,0.748,True
acs_age,acs_employment,MD,8,acs_age,blind,utility_only,0.7526848370927319,0.7358724827115635,0.748,True
acs_age,acs_employment,MD,8,acs_age,reweight,utility_only,0.75896242228949,0.7421113642051512,0.748,True
acs_age,acs_employment,MD,8,acs_age,adv,utility_only,0.763601129446994,0.7485374878917326,0.748,True
acs_age,acs_employment,MD,8,acs_age,score_only,utility_guard_plus_score_control,0.7564112391368031,0.7412242636955925,0.748,True
acs_age,acs_employment,MD,8,acs_age,proxy_exhaustive,utility_guard_plus_mechanism,0.7483770302379325,0.7340052784814552,0.748,True
acs_age,acs_employment,MD,8,acs_age,repair_direct,utility_guard_plus_mechanism,0.7480498323731406,0.7338410811293739,0.748,True
acs_age,acs_employment,MD,8,acs_age,wrong_spec,utility_guard_plus_wrong_spec,0.7578955098785927,0.7404477646916239,0.748,True
acs_age,acs_employment,MD,8,no_interaction,no_interaction,utility_guard_plus_score_control,0.7501076961885231,0.7341202509548848,0.748,True
acs_intersectional_age_race,acs_employment,MD,8,acs_intersectional_age_race,erm,utility_only,0.75792799574146,0.7568428542778912,0.73,True
acs_intersectional_age_race,acs_employment,MD,8,acs_intersectional_age_race,blind,utility_only,0.7433608987848188,0.7434622938320791,0.73,True
acs_intersectional_age_race,acs_employment,MD,8,acs_intersectional_age_race,reweight,utility_only,0.7490808685924362,0.7482735071919416,0.73,True
acs_intersectional_age_race,acs_employment,MD,8,acs_intersectional_age_race,adv,utility_only,0.7568413194819885,0.754568626751649,0.73,True
acs_intersectional_age_race,acs_employment,MD,8,acs_intersectional_age_race,r1_joint_marginal,utility_guard_plus_marginal_mechanism,0.7529731803475035,0.7491033825893094,0.73,True
acs_intersectional_age_race,acs_employment,MD,8,acs_intersectional_age_race,r3_intersectional,utility_guard_plus_mechanism,0.7558213908458027,0.7556110358489099,0.73,True
acs_intersectional_age_race,acs_employment,MD,8,acs_intersectional_age_race,r4_r1plus,utility_guard_plus_marginal_mechanism,0.7518499072603115,0.7496392773971141,0.73,True
acs_intersectional_age_race,acs_employment,MD,8,acs_intersectional_age_race,no_effect,utility_only,0.7559665305375576,0.7543443993131098,0.73,True
acs_intersectional_age_race,acs_employment,MD,8,acs_intersectional_age_race,wrong_d3,utility_guard_plus_wrong_spec,0.7550241622237563,0.7534136361855726,0.73,True
hmda_race,hmda,OH,9,oh_ladder,erm,utility_only,0.8603629615725408,0.8575273071784763,0.84,True
hmda_race,hmda,OH,9,oh_ladder,blind,utility_only,0.8609013892951849,0.8573905224893668,0.84,True
hmda_race,hmda,OH,9,oh_ladder,reweight,utility_only,0.8519702706326254,0.8496946855124479,0.84,True
hmda_race,hmda,OH,9,oh_ladder,adv,utility_only,0.8604803809464351,0.8570048881760501,0.84,True
hmda_race,hmda,OH,9,oh_ladder,score_only,utility_guard_plus_score_control,0.857668500486441,0.8543011972184662,0.84,True
hmda_race,hmda,OH,9,oh_ladder,proxy_effect,utility_guard_plus_mechanism,0.8572690985708816,0.8543427674920338,0.84,True
hmda_race,hmda,OH,9,oh_ladder,proxy_exhaustive,utility_guard_plus_mechanism,0.8569773701719783,0.8550575823266221,0.84,True
hmda_race,hmda,OH,9,oh_ladder,repair_main0,utility_guard_plus_mechanism,0.857870350059667,0.8550855109125997,0.84,True
hmda_race,hmda,OH,9,oh_ladder,repair_full,utility_guard_plus_mechanism,0.8504602029215411,0.8474525872165695,0.84,True
hmda_race,hmda,OH,9,oh_ladder,wrong_spec,utility_guard_plus_wrong_spec,0.8426287347099741,0.8392073818462801,0.84,True
hmda_race,hmda,OH,9,repair_main05,repair_main05,utility_guard_plus_mechanism,0.8553076838422569,0.8524597293126043,0.84,True
hmda_race,hmda,OH,9,no_interaction,no_interaction,utility_guard_plus_score_control,0.8564188088838313,0.853284824757672,0.84,True
adult_gender,adult,-,9,adult_gender,erm,utility_only,0.908601355663909,0.9053445028646778,0.895,True
adult_gender,adult,-,9,adult_gender,blind,utility_only,0.9080777131642396,0.9042201169841243,0.895,True
adult_gender,adult,-,9,adult_gender,reweight,utility_only,0.8954912876661729,0.8920032918257844,0.895,True
adult_gender,adult,-,9,adult_gender,adv,utility_only,0.9081548428711047,0.904366258628356,0.895,True
adult_gender,adult,-,9,adult_gender,score_only,utility_guard_plus_score_control,0.9026101905424404,0.8997529950513777,0.895,True
adult_gender,adult,-,9,adult_gender,repair_direct,utility_guard_plus_mechanism,0.8974395269284701,0.8936906082390319,0.895,True
adult_gender,adult,-,9,adult_gender,wrong_spec,utility_guard_plus_wrong_spec,0.9048096989178056,0.9013861885721561,0.895,True
adult_gender,adult,-,9,no_interaction,no_interaction,utility_guard_plus_score_control,0.8999569985851975,0.8975579528001172,0.895,True
acs_age,acs_employment,MD,9,acs_age,erm,utility_only,0.7621171435081209,0.7531266379687074,0.748,True
acs_age,acs_employment,MD,9,acs_age,blind,utility_only,0.7480022702861049,0.7414180508980212,0.748,True
acs_age,acs_employment,MD,9,acs_age,reweight,utility_only,0.7568289229567424,0.74597843497199,0.748,True
acs_age,acs_employment,MD,9,acs_age,adv,utility_only,0.7618591527520099,0.7528780878027204,0.748,True
acs_age,acs_employment,MD,9,acs_age,score_only,utility_guard_plus_score_control,0.7540971747550695,0.7441725158302267,0.748,True
acs_age,acs_employment,MD,9,acs_age,proxy_exhaustive,utility_guard_plus_mechanism,0.7486057676659181,0.7375130144995301,0.748,True
acs_age,acs_employment,MD,9,acs_age,repair_direct,utility_guard_plus_mechanism,0.748491968557758,0.7370655509698788,0.748,True
acs_age,acs_employment,MD,9,acs_age,wrong_spec,utility_guard_plus_wrong_spec,0.7548473863229502,0.7427969653857793,0.748,True
acs_age,acs_employment,MD,9,no_interaction,no_interaction,utility_guard_plus_score_control,0.7534715034339095,0.74462487667463,0.748,True
acs_intersectional_age_race,acs_employment,MD,9,acs_intersectional_age_race,erm,utility_only,0.7610815090369213,0.7626142112836393,0.73,True
acs_intersectional_age_race,acs_employment,MD,9,acs_intersectional_age_race,blind,utility_only,0.7318359651165693,0.7354807325191761,0.73,True
acs_intersectional_age_race,acs_employment,MD,9,acs_intersectional_age_race,reweight,utility_only,0.7496948531552288,0.7511804536819784,0.73,True
acs_intersectional_age_race,acs_employment,MD,9,acs_intersectional_age_race,adv,utility_only,0.7597725486363524,0.7606580242142245,0.73,True
acs_intersectional_age_race,acs_employment,MD,9,acs_intersectional_age_race,r1_joint_marginal,utility_guard_plus_marginal_mechanism,0.7549617292832844,0.7534445076555983,0.73,True
acs_intersectional_age_race,acs_employment,MD,9,acs_intersectional_age_race,r3_intersectional,utility_guard_plus_mechanism,0.7593219501950446,0.7600400101267777,0.73,True
acs_intersectional_age_race,acs_employment,MD,9,acs_intersectional_age_race,r4_r1plus,utility_guard_plus_marginal_mechanism,0.7520873187833219,0.749421510749177,0.73,True
acs_intersectional_age_race,acs_employment,MD,9,acs_intersectional_age_race,no_effect,utility_only,0.759868719277379,0.7589256260681498,0.73,True
acs_intersectional_age_race,acs_employment,MD,9,acs_intersectional_age_race,wrong_d3,utility_guard_plus_wrong_spec,0.7536964355521546,0.7512699692513142,0.73,True
